Average Time Per Block, Difficulty
0.073559,1
0.81447,2
23.881569,3
209.313393,4
3208.79784,5
