 Difficulty,Mean,Standard Deviation,Standard Error
1,0.073559,0.06588987,0.009318235
2,0.81447,0.6669503,0.09432102
3,23.881569,20.77808,2.938464
4,209.313393,209.9355,29.68937
5,3208.79784,2981.439,421.6392
