Average Time Per Block, Difficulty
0.064867,1
0.481345,2
7.435986,3
106.132741,4
1614.741756,5
