Average Time Per Block, Difficulty
0.050345,1
0.267718,2
4.607736,3
89.362598,4
1415.715416,5
