Average Time Per Block, Difficulty
0.143148,1
0.396149,2
4.804384,3
91.075221,4
1437.496262,5
