Average Time Per Block, Difficulty
0.219753,1
0.665714,2
7.619059,3
108.319578,4
1646.206875,5
