Average Time Per Block, Difficulty
0.172363,1
0.386432,2
4.768663,3
93.341323,4
1449.15812,5
