Average Time Per Block, Difficulty
0.08299,1
0.340263,2
5.084839,3
88.41177,4
1508.741113,5
